metric,value
orbit_period_min,95.64988025024664
average_operational_power_w,62.458603705639774
required_eol_array_power_w,130.34592836859943
required_solar_array_area_m2,0.6488204298791564
required_battery_capacity_wh,53.47222222222222
link_ebn0_db,11.855339817162644
link_margin_db,3.855339817162644
minimum_control_torque_nm,0.009696273622190719
selected_wheel_torque_nm,0.01
minimum_momentum_capacity_nms,0.08608489222522198
selected_wheel_momentum_nms,0.1
delta_v_with_margin_m_s,48.0
propellant_mass_kg,1.3201610640784889
radiator_area_m2,0.534306620686997
dry_mass_before_system_margin_kg,46.932
wet_mass_with_system_margin_kg,55.29196106407849
wet_mass_margin_kg,4.708038935921508
