altitude_km,inclination_deg,off_nadir_deg,constellation_size,orbital_period_min,coverage_half_width_km,london_max_revisit_h,cardiff_max_revisit_h,manchester_max_revisit_h,edinburgh_max_revisit_h,belfast_max_revisit_h,worst_site_max_revisit_h,mean_site_revisit_h,sites_with_two_or_more_accesses,meets_48_h_representative_site_target
450.0,97.21418329669008,0.0,1,93.58647066398606,40.97226027931974,181.26111111111112,311.9555555555556,inf,109.47222222222223,301.3388888888889,inf,226.00694444444446,4,False
450.0,97.21418329669008,0.0,2,93.58647066398606,40.97226027931974,181.26111111111112,277.18888888888887,216.02777777777777,109.47222222222223,301.3388888888889,301.3388888888889,217.05777777777774,5,False
450.0,97.21418329669008,15.0,1,93.58647066398606,166.39283713407065,120.10555555555555,120.1,120.10555555555555,109.47222222222223,109.48333333333333,120.10555555555555,115.85333333333332,5,False
450.0,97.21418329669008,15.0,2,93.58647066398606,166.39283713407065,61.16111111111111,61.16111111111111,85.32222222222222,85.29444444444445,85.31111111111112,85.32222222222222,75.65,5,False
450.0,97.21418329669008,25.0,1,93.58647066398606,265.2002379050224,61.16111111111111,61.16111111111111,61.15,61.12777777777778,109.48333333333333,109.48333333333333,70.81666666666666,5,False
450.0,97.21418329669008,25.0,2,93.58647066398606,265.2002379050224,36.98888888888889,36.98888888888889,36.97222222222222,36.95,61.138888888888886,61.138888888888886,41.80777777777778,5,False
500.0,97.40180753799322,0.0,1,94.61630047543098,40.97106177525227,inf,216.0388888888889,216.0388888888889,inf,inf,inf,216.0388888888889,2,False
500.0,97.40180753799322,0.0,2,94.61630047543098,40.97106177525227,157.23888888888888,216.0388888888889,178.66666666666666,167.94444444444446,130.58333333333334,216.0388888888889,170.09444444444443,5,False
500.0,97.40180753799322,15.0,1,94.61630047543098,179.79088414195192,109.14444444444445,109.14444444444445,109.12777777777778,85.45,85.46111111111111,109.14444444444445,99.66555555555556,5,False
500.0,97.40180753799322,15.0,2,94.61630047543098,179.79088414195192,61.044444444444444,61.05,61.03333333333333,37.355555555555554,37.36666666666667,61.05,51.57000000000001,5,False
500.0,97.40180753799322,25.0,1,94.61630047543098,288.8264790008783,85.48333333333333,85.48333333333333,85.46666666666667,61.78888888888889,61.80555555555556,85.48333333333333,76.00555555555556,5,False
500.0,97.40180753799322,25.0,2,94.61630047543098,288.8264790008783,37.388888888888886,37.388888888888886,37.36666666666667,23.66111111111111,23.66111111111111,37.388888888888886,31.893333333333334,5,True
550.0,97.59295481299085,0.0,1,95.64988025024664,40.97008128532724,inf,inf,inf,inf,inf,inf,inf,0,False
550.0,97.59295481299085,0.0,2,95.64988025024664,40.97008128532724,181.2722222222222,inf,298.5888888888889,322.52222222222224,inf,inf,267.4611111111111,3,False
550.0,97.59295481299085,15.0,1,95.64988025024664,193.21876235201947,23.916666666666668,23.91111111111111,23.916666666666668,23.916666666666668,253.7722222222222,253.7722222222222,69.88666666666667,5,False
550.0,97.59295481299085,15.0,2,95.64988025024664,193.21876235201947,109.53333333333333,109.53333333333333,61.69444444444444,23.916666666666668,37.766666666666666,109.53333333333333,68.4888888888889,5,False
550.0,97.59295481299085,25.0,1,95.64988025024664,312.54402279236444,23.916666666666668,23.916666666666668,23.916666666666668,158.11111111111111,182.03333333333333,182.03333333333333,82.3788888888889,5,False
550.0,97.59295481299085,25.0,2,95.64988025024664,312.54402279236444,37.78888888888889,23.916666666666668,23.916666666666668,23.916666666666668,23.916666666666668,37.78888888888889,26.691111111111116,5,True
600.0,97.78766952549154,0.0,1,96.68719643210862,40.969264282091046,inf,inf,inf,inf,inf,inf,inf,0,False
600.0,97.78766952549154,0.0,2,96.68719643210862,40.969264282091046,253.3388888888889,82.65,inf,inf,178.5611111111111,inf,171.51666666666665,3,False
600.0,97.78766952549154,15.0,1,96.68719643210862,206.6711286273462,178.53333333333333,154.36666666666667,130.2111111111111,106.06111111111112,154.39444444444445,178.53333333333333,144.71333333333334,5,False
600.0,97.78766952549154,15.0,2,96.68719643210862,206.6711286273462,58.483333333333334,58.483333333333334,34.327777777777776,37.36666666666667,34.33888888888889,58.483333333333334,44.6,5,False
600.0,97.78766952549154,25.0,1,96.68719643210862,336.342007618234,130.19444444444446,130.19444444444446,130.2111111111111,81.89444444444445,106.05,130.2111111111111,115.7088888888889,5,False
600.0,97.78766952549154,25.0,2,96.68719643210862,336.342007618234,24.17222222222222,34.31111111111111,24.17222222222222,24.17222222222222,24.17222222222222,34.31111111111111,26.2,5,True
650.0,97.98599662616917,0.0,1,97.72823561065941,40.96857302256481,13.372222222222222,inf,inf,inf,inf,inf,13.372222222222222,1,False
650.0,97.98599662616917,0.0,2,97.72823561065941,40.96857302256481,34.67777777777778,13.372222222222222,359.96666666666664,48.05,48.05,359.96666666666664,100.82333333333332,5,False
650.0,97.98599662616917,15.0,1,97.72823561065941,220.1443376260715,82.72777777777777,82.72777777777777,82.74444444444444,82.76666666666667,82.75555555555556,82.76666666666667,82.74444444444444,5,False
650.0,97.98599662616917,15.0,2,97.72823561065941,220.1443376260715,34.67777777777778,34.67777777777778,37.78333333333333,37.76111111111111,37.772222222222226,37.78333333333333,36.534444444444446,5,True
650.0,97.98599662616917,25.0,1,97.72823561065941,360.2132225250133,58.3,82.72777777777777,58.32222222222222,58.33888888888889,58.327777777777776,82.72777777777777,63.20333333333333,5,False
650.0,97.98599662616917,25.0,2,97.72823561065941,360.2132225250133,34.67777777777778,34.67777777777778,24.427777777777777,14.144444444444444,24.427777777777777,34.67777777777778,26.47111111111111,5,True
