identifier,requirement,threshold,predicted,status,evidence
MIS-001,Nadir ground-sampling distance,<= 10 m,10.00 m,Pass,Phase 1 analysis
MIS-002,Imaging swath width,>= 50 km,81.92 km,Pass,Phase 1 analysis
PAY-001,Worst-band payload SNR,>= 50,Final allocation passes,Pass,Phase 10 Monte Carlo
MIS-003,Representative UK-site revisit,<= 48 h,37.79 h,Pass,Phase 4 simulation
MIS-004,Priority product delivery,<= 3 h,1.39 h,Pass,Phase 10 network simulation
DAT-001,Daily downlink exceeds generation,>= 39.32 Gbit/day,1163.09 Gbit/day,Pass,Phase 10 network simulation
DAT-002,Onboard storage capacity,>= 2.95 GB,16 GB,Pass,Phase 10 allocation
SYS-001,Wet mass per spacecraft,<= 60 kg,55.29 kg baseline,Pass,Phase 6 budget
PWR-001,End-of-life array closes power budget,>= 130.35 W,190 W,Pass,Phase 10 allocation
COM-001,X-band residual link margin,>= 3 dB,7.86 dB allocated,Pass,Phase 10 allocation
ADCS-001,Reaction-wheel control torque,>= 0.0097 N m,0.018 N m,Pass,Phase 10 allocation
ADCS-002,Reaction-wheel momentum capacity,>= 0.086 N m s,0.180 N m s,Pass,Phase 10 allocation
PROP-001,Available mission delta-v,>= 48 m/s,70 m/s,Pass,Phase 10 allocation
THERM-001,Hot-case radiator allocation,>= 0.534 m2,0.75 m2,Pass,Phase 10 allocation
ROB-001,Simultaneous budget robustness,>= 95%,98.48%,Pass,"5,000-case Monte Carlo"
MIS-005,Three-year mission life,>= 3 years,Analysis pending,Open,"Radiation, reliability and lifetime test"
