altitude_km,pixel_pitch_um,cross_track_pixels,focal_length_mm,sensor_width_mm,field_of_view_deg,swath_width_km,diffraction_aperture_mm,f_number,orbital_speed_km_s,maximum_exposure_ms,meets_50_km_swath
450,5.5,4096,247.5,22.528,5.211592970329767,40.96,46.665,5.303760848601736,7.640429535277371,0.6544134694147775,False
450,5.5,6144,247.5,33.792,7.810665358795873,61.44,46.665,5.303760848601736,7.640429535277371,0.6544134694147775,True
450,5.5,8192,247.5,45.056,10.401715316388346,81.92,46.665,5.303760848601736,7.640429535277371,0.6544134694147775,True
450,7.0,4096,315.0,28.672,5.211592970329767,40.96,46.665,6.750241080038573,7.640429535277371,0.6544134694147775,False
450,7.0,6144,315.0,43.007999999999996,7.810665358795872,61.43999999999999,46.665,6.750241080038573,7.640429535277371,0.6544134694147775,True
450,7.0,8192,315.0,57.344,10.401715316388346,81.92,46.665,6.750241080038573,7.640429535277371,0.6544134694147775,True
450,10.0,4096,450.0,40.959999999999994,5.211592970329766,40.959999999999994,46.665,9.643201542912248,7.640429535277371,0.6544134694147775,False
450,10.0,6144,450.0,61.44,7.810665358795872,61.43999999999999,46.665,9.643201542912248,7.640429535277371,0.6544134694147775,True
450,10.0,8192,450.0,81.91999999999999,10.401715316388344,81.91999999999999,46.665,9.643201542912248,7.640429535277371,0.6544134694147775,True
450,12.0,4096,540.0,49.152,5.211592970329766,40.959999999999994,46.665,11.571841851494698,7.640429535277371,0.6544134694147775,False
450,12.0,6144,540.0,73.72800000000001,7.810665358795873,61.44,46.665,11.571841851494698,7.640429535277371,0.6544134694147775,True
450,12.0,8192,540.0,98.304,10.401715316388344,81.91999999999999,46.665,11.571841851494698,7.640429535277371,0.6544134694147775,True
500,5.5,4096,275.0,22.528,4.691048006192608,40.96,51.849999999999994,5.303760848601737,7.612608173223869,0.6568051167517986,False
500,5.5,6144,275.0,33.792,7.031666391629134,61.44,51.849999999999994,5.303760848601737,7.612608173223869,0.6568051167517986,True
500,5.5,8192,275.0,45.056,9.366425540601092,81.92,51.849999999999994,5.303760848601737,7.612608173223869,0.6568051167517986,True
500,7.0,4096,350.0,28.672,4.6910480061926085,40.96,51.849999999999994,6.750241080038573,7.612608173223869,0.6568051167517986,False
500,7.0,6144,350.0,43.007999999999996,7.031666391629134,61.44,51.849999999999994,6.750241080038573,7.612608173223869,0.6568051167517986,True
500,7.0,8192,350.0,57.344,9.366425540601094,81.92,51.849999999999994,6.750241080038573,7.612608173223869,0.6568051167517986,True
500,10.0,4096,500.0,40.959999999999994,4.691048006192608,40.96,51.849999999999994,9.643201542912248,7.612608173223869,0.6568051167517986,False
500,10.0,6144,500.0,61.44,7.031666391629133,61.43999999999999,51.849999999999994,9.643201542912248,7.612608173223869,0.6568051167517986,True
500,10.0,8192,500.0,81.91999999999999,9.366425540601092,81.92,51.849999999999994,9.643201542912248,7.612608173223869,0.6568051167517986,True
500,12.0,4096,600.0,49.152,4.6910480061926085,40.96,51.849999999999994,11.571841851494698,7.612608173223869,0.6568051167517986,False
500,12.0,6144,600.0,73.72800000000001,7.031666391629134,61.44,51.849999999999994,11.571841851494698,7.612608173223869,0.6568051167517986,True
500,12.0,8192,600.0,98.304,9.366425540601094,81.92,51.849999999999994,11.571841851494698,7.612608173223869,0.6568051167517986,True
550,5.5,4096,302.5,22.528,4.265002481391999,40.96,57.035000000000004,5.303760848601735,7.585088535158763,0.6591880868395619,False
550,5.5,6144,302.5,33.792,6.393815971102686,61.440000000000005,57.035000000000004,5.303760848601735,7.585088535158763,0.6591880868395619,True
550,5.5,8192,302.5,45.056,8.518221263562648,81.92,57.035000000000004,5.303760848601735,7.585088535158763,0.6591880868395619,True
550,7.0,4096,385.0,28.672,4.265002481391999,40.96,57.035000000000004,6.750241080038573,7.585088535158763,0.6591880868395619,False
550,7.0,6144,385.0,43.007999999999996,6.3938159711026845,61.43999999999999,57.035000000000004,6.750241080038573,7.585088535158763,0.6591880868395619,True
550,7.0,8192,385.0,57.344,8.518221263562648,81.92,57.035000000000004,6.750241080038573,7.585088535158763,0.6591880868395619,True
550,10.0,4096,549.9999999999999,40.959999999999994,4.265002481391999,40.96,57.035000000000004,9.643201542912246,7.585088535158763,0.6591880868395619,False
550,10.0,6144,549.9999999999999,61.44,6.393815971102685,61.44,57.035000000000004,9.643201542912246,7.585088535158763,0.6591880868395619,True
550,10.0,8192,549.9999999999999,81.91999999999999,8.518221263562648,81.92,57.035000000000004,9.643201542912246,7.585088535158763,0.6591880868395619,True
550,12.0,4096,660.0,49.152,4.265002481391999,40.96,57.035000000000004,11.571841851494696,7.585088535158763,0.6591880868395619,False
550,12.0,6144,660.0,73.72800000000001,6.393815971102685,61.44,57.035000000000004,11.571841851494696,7.585088535158763,0.6591880868395619,True
550,12.0,8192,660.0,98.304,8.518221263562648,81.92,57.035000000000004,11.571841851494696,7.585088535158763,0.6591880868395619,True
600,5.5,4096,329.99999999999994,22.528,3.909873908479486,40.96,62.22,5.303760848601735,7.557865206532813,0.6615624734452973,False
600,5.5,6144,329.99999999999994,33.792,5.861969131168763,61.44000000000001,62.22,5.303760848601735,7.557865206532813,0.6615624734452973,True
600,5.5,8192,329.99999999999994,45.056,7.810665358795873,81.92,62.22,5.303760848601735,7.557865206532813,0.6615624734452973,True
600,7.0,4096,420.00000000000006,28.672,3.9098739084794856,40.959999999999994,62.22,6.750241080038574,7.557865206532813,0.6615624734452973,False
600,7.0,6144,420.00000000000006,43.007999999999996,5.861969131168761,61.43999999999999,62.22,6.750241080038574,7.557865206532813,0.6615624734452973,True
600,7.0,8192,420.00000000000006,57.344,7.810665358795872,81.91999999999999,62.22,6.750241080038574,7.557865206532813,0.6615624734452973,True
600,10.0,4096,599.9999999999999,40.959999999999994,3.909873908479486,40.96,62.22,9.643201542912244,7.557865206532813,0.6615624734452973,False
600,10.0,6144,599.9999999999999,61.44,5.861969131168763,61.44000000000001,62.22,9.643201542912244,7.557865206532813,0.6615624734452973,True
600,10.0,8192,599.9999999999999,81.91999999999999,7.810665358795873,81.92,62.22,9.643201542912244,7.557865206532813,0.6615624734452973,True
600,12.0,4096,720.0,49.152,3.909873908479486,40.96,62.22,11.571841851494696,7.557865206532813,0.6615624734452973,False
600,12.0,6144,720.0,73.72800000000001,5.861969131168762,61.44,62.22,11.571841851494696,7.557865206532813,0.6615624734452973,True
600,12.0,8192,720.0,98.304,7.810665358795873,81.92,62.22,11.571841851494696,7.557865206532813,0.6615624734452973,True
650,5.5,4096,357.5,22.528,3.6093215326621477,40.96,67.405,5.303760848601735,7.5309329078601,0.6639283686595396,False
650,5.5,6144,357.5,33.792,5.411746450243605,61.440000000000005,67.405,5.303760848601735,7.5309329078601,0.6639283686595396,True
650,5.5,8192,357.5,45.056,7.211495783373206,81.92,67.405,5.303760848601735,7.5309329078601,0.6639283686595396,True
650,7.0,4096,454.99999999999994,28.672,3.6093215326621486,40.96000000000001,67.405,6.750241080038571,7.5309329078601,0.6639283686595396,False
650,7.0,6144,454.99999999999994,43.007999999999996,5.411746450243605,61.440000000000005,67.405,6.750241080038571,7.5309329078601,0.6639283686595396,True
650,7.0,8192,454.99999999999994,57.344,7.211495783373207,81.92000000000003,67.405,6.750241080038571,7.5309329078601,0.6639283686595396,True
650,10.0,4096,649.9999999999999,40.959999999999994,3.6093215326621477,40.96,67.405,9.643201542912244,7.5309329078601,0.6639283686595396,False
650,10.0,6144,649.9999999999999,61.44,5.411746450243605,61.440000000000005,67.405,9.643201542912244,7.5309329078601,0.6639283686595396,True
650,10.0,8192,649.9999999999999,81.91999999999999,7.211495783373206,81.92,67.405,9.643201542912244,7.5309329078601,0.6639283686595396,True
650,12.0,4096,780.0,49.152,3.6093215326621477,40.96,67.405,11.571841851494696,7.5309329078601,0.6639283686595396,False
650,12.0,6144,780.0,73.72800000000001,5.411746450243604,61.44,67.405,11.571841851494696,7.5309329078601,0.6639283686595396,True
650,12.0,8192,780.0,98.304,7.211495783373206,81.92,67.405,11.571841851494696,7.5309329078601,0.6639283686595396,True
