scenario,aperture_mm,exposure_ms,minimum_band_snr,limiting_band,blue_snr,green_snr,red_snr,nir_snr,f_number,estimated_payload_mass_kg,estimated_telescope_envelope_l,smear_pixels,meets_snr,meets_smear,meets_diffraction,feasible
Standard,80,0.3,14.586823036761256,Red,20.075059527127973,19.312841639587994,14.586823036761256,15.294632698813636,6.874999999999998,3.708,9.36,0.22755265605476288,False,True,True,False
Standard,80,0.45,18.888650990883654,Red,25.533433163247768,24.612625303603796,18.888650990883654,19.748443948798588,6.874999999999998,3.708,9.36,0.34132898408214435,False,True,True,False
Standard,80,0.6,22.483290645930097,Red,30.079562404586962,29.02712895713832,22.483290645930097,23.466855986409488,6.874999999999998,3.708,9.36,0.45510531210952576,False,True,True,False
Standard,80,0.65,23.5722972181551,Red,31.456400851557476,30.364007044446932,23.5722972181551,24.593139617381233,6.874999999999998,3.708,9.36,0.49303075478531966,False,True,True,False
Standard,85,0.3,15.786240371839241,Red,21.600718702009356,20.793957101929077,15.786240371839241,16.537123466869925,6.470588235294116,3.8895,10.15625,0.22755265605476288,False,True,True,False
Standard,85,0.45,20.34491664806521,Red,27.375756139139845,26.40164262067182,20.34491664806521,21.255042982379667,6.470588235294116,3.8895,10.15625,0.34132898408214435,False,True,True,False
Standard,85,0.6,24.148978259095813,Red,32.18554110086275,31.071959977060537,24.148978259095813,25.18954071091693,6.470588235294116,3.8895,10.15625,0.45510531210952576,False,True,True,False
Standard,85,0.65,25.301092065706904,Red,33.642516509601606,32.48653058245858,25.301092065706904,26.38104154701438,6.470588235294116,3.8895,10.15625,0.49303075478531966,False,True,True,False
Standard,90,0.3,16.983659189449746,Red,23.120390622821198,22.269474616507374,16.983659189449746,17.776928274054594,6.11111111111111,4.082,10.985000000000001,0.22755265605476288,False,True,True,False
Standard,90,0.45,21.79582113950291,Red,29.210366420112074,28.183132671087495,21.79582113950291,22.755816211510073,6.11111111111111,4.082,10.985000000000001,0.34132898408214435,False,True,True,False
Standard,90,0.6,25.80771515293795,Red,34.28330260433225,33.10864072404022,25.80771515293795,26.904980480309764,6.11111111111111,4.082,10.985000000000001,0.45510531210952576,False,True,True,False
Standard,90,0.65,27.02261337111114,Red,35.82036180206608,34.60082289328664,27.02261337111114,28.16142044209875,6.11111111111111,4.082,10.985000000000001,0.49303075478531966,False,True,True,False
Standard,95,0.3,18.178338624727377,Red,24.634168428630723,23.73939160002624,18.178338624727377,19.01343079358521,5.789473684210525,4.2855,11.846250000000001,0.22755265605476288,False,True,True,False
Standard,95,0.45,23.241305610749965,Red,31.03786189470006,29.957628130613006,23.241305610749965,24.25081651953355,5.789473684210525,4.2855,11.846250000000001,0.34132898408214435,False,True,True,False
Standard,95,0.6,27.459853920847205,Red,36.37367670007644,35.13795885831719,27.459853920847205,28.613616403476644,5.789473684210525,4.2855,11.846250000000001,0.45510531210952576,False,True,True,False
Standard,95,0.65,28.73731116000899,Red,37.99081302251483,36.707724130647385,28.73731116000899,29.934807475016104,5.789473684210525,4.2855,11.846250000000001,0.49303075478531966,False,True,True,False
Standard,100,0.3,19.369814615387273,Red,26.142265501743438,25.20384675465986,19.369814615387273,20.2462721565229,5.499999999999999,4.5,12.740000000000004,0.22755265605476288,False,True,True,False
Standard,100,0.45,24.68146450018877,Red,32.85883530616749,31.725674319226453,24.68146450018877,25.740225982226004,5.499999999999999,4.5,12.740000000000004,0.34132898408214435,False,True,True,False
Standard,100,0.6,29.105806244868877,Red,38.45741877381835,37.16064113933378,29.105806244868877,30.315926306727608,5.499999999999999,4.5,12.740000000000004,0.45510531210952576,False,True,True,False
Standard,100,0.65,30.445669876065857,Red,40.154656427967076,38.80799663885777,30.445669876065857,31.701746871194658,5.499999999999999,4.5,12.740000000000004,0.49303075478531966,False,True,True,False
Standard,105,0.3,20.557821937326132,Red,27.644963114834336,26.66306332533723,20.557821937326132,21.475274968772062,5.238095238095237,4.7255,13.66625,0.22755265605476288,False,True,True,False
Standard,105,0.45,26.116486392517754,Red,34.673852199334476,33.487802439999165,26.116486392517754,27.224301620249175,5.238095238095237,4.7255,13.66625,0.34132898408214435,False,True,True,False
Standard,105,0.6,30.74600447371569,Red,40.53520746913064,39.17734705171937,30.74600447371569,32.01239181486535,5.238095238095237,4.7255,13.66625,0.45510531210952576,False,True,True,False
Standard,105,0.65,32.1481760394168,Red,42.31259070239695,40.90232364487802,32.1481760394168,33.462769040563884,5.238095238095237,4.7255,13.66625,0.49303075478531966,False,True,True,False
Standard,110,0.3,21.74223679177138,Red,29.14257623411276,28.117311322518766,21.74223679177138,22.700388170720192,4.999999999999999,4.962000000000001,14.625,0.22755265605476288,False,True,True,False
Standard,110,0.45,27.546614245373192,Red,36.48343990854446,35.244515100101935,27.546614245373192,28.703339666794626,4.999999999999999,4.962000000000001,14.625,0.34132898408214435,False,True,True,False
Standard,110,0.6,32.3808783626328,Red,42.607647756083836,41.188669049637845,32.3808783626328,33.70347927160308,4.999999999999999,4.962000000000001,14.625,0.45510531210952576,False,True,True,False
Standard,110,0.65,33.8452996018539,Red,44.465233354774064,42.99131304736966,33.8452996018539,35.21837601914281,4.999999999999999,4.962000000000001,14.625,0.49303075478531966,False,True,True,False
Standard,115,0.3,22.92303471983665,Red,30.635431486134728,29.56688262871835,22.92303471983665,23.921647199025475,4.782608695652173,5.209499999999999,15.61625,0.22755265605476288,False,True,True,False
Standard,115,0.45,28.972118878910283,Red,38.28808312097154,36.99627932796185,28.972118878910283,30.17765231379185,4.782608695652173,5.209499999999999,15.61625,0.34132898408214435,False,True,True,False
Standard,115,0.6,34.01084151650434,Red,44.6752765615111,43.195136203590785,34.01084151650434,35.38962933567461,4.782608695652173,5.209499999999999,15.61625,0.45510531210952576,False,True,True,False
Standard,115,0.65,35.5374838684096,Red,46.61312866279461,45.07550354989468,35.5374838684096,36.96903442768341,4.782608695652173,5.209499999999999,15.61625,0.49303075478531966,False,True,True,False
Standard,120,0.3,24.10025987550749,Red,32.123853252490164,31.012074837039272,24.10025987550749,25.13914532488773,4.583333333333332,5.468,16.64,0.22755265605476288,False,True,True,False
Standard,120,0.45,30.393281524537507,Red,40.08822326975543,38.743524097232054,30.393281524537507,31.6475528477201,4.583333333333332,5.468,16.64,0.34132898408214435,False,True,True,False
Standard,120,0.6,35.63628400492244,Red,46.7385693740611,45.19721940830909,35.63628400492244,37.071251965437156,4.583333333333332,5.468,16.64,0.45510531210952576,False,True,True,False
Standard,120,0.65,37.225140724977685,Red,48.75675589088425,47.15537161821781,37.225140724977685,38.715172952569674,4.583333333333332,5.468,16.64,0.49303075478531966,False,True,True,False
Standard,125,0.3,25.274002679702413,Red,33.60815517693945,32.4531809923649,25.274002679702413,26.353013127432842,4.3999999999999995,5.7375,17.696250000000003,0.22755265605476288,False,True,True,False
Standard,125,0.45,31.810382547008395,Red,41.88426007375846,40.48664049295959,31.810382547008395,33.11334640879938,4.3999999999999995,5.7375,17.696250000000003,0.34132898408214435,False,True,True,False
Standard,125,0.6,37.2575688648412,Red,48.79794696410859,47.19533711541714,37.2575688648412,38.74872470005876,4.3999999999999995,5.7375,17.696250000000003,0.45510531210952576,False,True,True,False
Standard,125,0.65,38.908649100853765,Red,50.896537138210384,49.23133844771409,38.908649100853765,40.4571824802631,4.3999999999999995,5.7375,17.696250000000003,0.49303075478531966,False,True,True,False
Standard,130,0.3,26.444383640534358,Red,35.08863525825719,33.89048330809309,26.444383640534358,27.563403874571186,4.23076923076923,6.018000000000001,18.785000000000004,0.22755265605476288,False,True,True,False
Standard,130,0.45,33.22369436055997,Red,43.67655419818105,42.225983360926584,33.22369436055997,34.57532450275136,4.23076923076923,6.018000000000001,18.785000000000004,0.34132898408214435,False,True,True,False
Standard,130,0.6,38.875031013793254,Red,50.853781775561366,49.1898610256515,38.875031013793254,40.42239290800603,4.23076923076923,6.018000000000001,18.785000000000004,0.45510531210952576,False,True,True,False
Standard,130,0.65,40.588355352660464,Red,53.0328445215203,51.30377652954738,40.588355352660464,42.19541772324537,4.23076923076923,6.018000000000001,18.785000000000004,0.49303075478531966,False,True,True,False
Standard,135,0.3,27.611541701001713,Red,36.56557329986919,35.32424954588116,27.611541701001713,28.77048318618758,4.0740740740740735,6.309500000000001,19.906249999999996,0.22755265605476288,False,True,True,False
Standard,135,0.45,34.63347718174512,Red,45.46543041777918,43.96187372465581,34.63347718174512,36.03376199986851,4.0740740740740735,6.309500000000001,19.906249999999996,0.34132898408214435,False,True,True,False
Standard,135,0.6,40.488977620271186,Red,52.90640378371524,51.18112144984472,40.488977620271186,42.092571161092124,4.0740740740740735,6.309500000000001,19.906249999999996,0.45510531210952576,False,True,True,False
Standard,135,0.65,42.264574739697885,Red,55.166006588597845,53.37301563162178,42.264574739697885,43.93019961973131,4.0740740740740735,6.309500000000001,19.906249999999996,0.49303075478531966,False,True,True,False
Standard,140,0.3,28.77562590566526,Red,38.03922988982336,36.754731164471025,28.77562590566526,29.974421796789247,3.928571428571428,6.611999999999999,21.06,0.22755265605476288,False,True,True,False
Standard,140,0.45,36.03997668809611,Red,47.251180917059386,45.6946015336729,36.03997668809611,37.488915765813005,3.928571428571428,6.611999999999999,21.06,0.34132898408214435,False,True,True,False
Standard,140,0.6,42.09968931811795,Red,54.95610574585741,53.16941220613778,42.09968931811795,43.75954520458232,3.928571428571428,6.611999999999999,21.06,0.45510531210952576,False,True,True,False
Standard,140,0.65,43.93759346996905,Red,57.29631395927491,55.43934813616377,43.93759346996905,45.66181806912422,3.928571428571428,6.611999999999999,21.06,0.49303075478531966,False,True,True,False
Standard,145,0.3,29.936789496933077,Red,39.509846355934855,38.182162629038075,29.936789496933077,31.17539055766115,3.793103448275861,6.9255,22.24625,0.22755265605476288,False,True,True,False
Standard,145,0.45,37.44342294436914,Red,49.03406851813475,47.42442848220332,37.44342294436914,38.94102434606752,3.793103448275861,6.9255,22.24625,0.34132898408214435,False,True,True,False
Standard,145,0.6,43.707421873202065,Red,57.00314784312384,55.15499501043235,43.707421873202065,45.423574194021406,3.793103448275861,6.9255,22.24625,0.45510531210952576,False,True,True,False
Standard,145,0.65,45.60767099402602,Red,59.42402424129066,57.50303374300904,45.60767099402602,47.39053474120897,3.793103448275861,6.9255,22.24625,0.49303075478531966,False,True,True,False
Standard,150,0.3,31.09518578705237,Red,40.977645324123166,39.60676146732484,31.09518578705237,32.373557053637306,3.666666666666666,7.25,23.465,0.22755265605476288,False,True,True,False
Standard,150,0.45,38.8440301591181,Red,50.81432972314353,49.15159074767589,38.8440301591181,40.39030831421239,3.666666666666666,7.25,23.465,0.34132898408214435,False,True,True,False
Standard,150,0.6,45.312408054879555,Red,59.04776174881496,57.138103366078305,45.312408054879555,47.08489299773172,3.666666666666666,7.25,23.465,0.45510531210952576,False,True,True,False
Standard,150,0.65,47.27504235038118,Red,61.54936629027083,59.56430358120378,47.27504235038118,49.116585807590155,3.666666666666666,7.25,23.465,0.49303075478531966,False,True,True,False
Standard,155,0.3,32.250965325227604,Red,42.442831631814336,41.028728792013446,32.250965325227604,33.56908338043955,3.5483870967741926,7.585500000000001,24.716250000000002,0.22755265605476288,False,True,True,False
Standard,155,0.45,40.24199697260849,Red,52.59217751678687,50.87630156717668,40.24199697260849,41.83697102209987,3.5483870967741926,7.585500000000001,24.716250000000002,0.34132898408214435,False,True,True,False
Standard,155,0.6,46.91485955864809,Red,61.09015417499797,59.11894598396279,46.91485955864809,48.7437144459659,3.5483870967741926,7.585500000000001,24.716250000000002,0.45510531210952576,False,True,True,False
Standard,155,0.65,48.93992044701942,Red,63.67254388957246,61.62336378596514,48.93992044701942,50.840184512887284,3.5483870967741926,7.585500000000001,24.716250000000002,0.49303075478531966,False,True,True,False
Standard,160,0.3,33.40427400668563,Red,43.90559343210947,42.44825009997299,33.40427400668563,34.762124752652426,3.437499999999999,7.932000000000001,26.000000000000007,0.22755265605476288,False,True,True,False
Standard,160,0.45,41.637507072324695,Red,54.367803909705884,52.598753612490405,41.637507072324695,43.28119957698877,3.437499999999999,7.932000000000001,26.000000000000007,0.34132898408214435,False,True,True,False
Standard,160,0.6,48.51496888740564,Red,63.13050995460488,61.09770977552091,48.51496888740564,50.4002314599035,3.437499999999999,7.932000000000001,26.000000000000007,0.45510531210952576,False,True,True,False
Standard,160,0.65,50.60249821483471,Red,65.79373892407833,63.68039860190292,50.60249821483471,52.56152354585857,3.437499999999999,7.932000000000001,26.000000000000007,0.49303075478531966,True,True,True,True
Standard,165,0.3,34.55525186412104,Red,45.36610338116982,43.86549622149213,34.55525186412104,35.95282870259908,3.3333333333333326,8.2895,27.316249999999997,0.22755265605476288,False,True,True,False
Standard,165,0.45,43.03072999799915,Red,56.14138222391632,54.319121150181395,43.03072999799915,44.723165929903764,3.3333333333333326,8.2895,27.316249999999997,0.34132898408214435,False,True,True,False
Standard,165,0.6,50.11291113818025,Red,65.16899471553923,63.07456246468992,50.11291113818025,52.054619026611675,3.3333333333333326,8.2895,27.316249999999997,0.45510531210952576,True,True,True,True
Standard,165,0.65,52.26295060107086,Red,67.91311411641705,65.73557307164214,52.26295060107086,54.280777196564436,3.3333333333333326,8.2895,27.316249999999997,0.49303075478531966,True,True,True,True
Standard,170,0.3,35.70403235075841,Red,46.82451983965188,45.280624335416206,35.70403235075841,37.14133469597885,3.235294117647058,8.658,28.664999999999996,0.22755265605476288,False,True,True,False
Standard,170,0.45,44.42182204340395,Red,57.91306913290245,56.03756198842078,44.42182204340395,46.16302799975551,3.235294117647058,8.658,28.664999999999996,0.34132898408214435,False,True,True,False
Standard,170,0.6,51.708845666507344,Red,67.2057571995397,65.04965486402808,51.708845666507344,53.707036006566916,3.235294117647058,8.658,28.664999999999996,0.45510531210952576,True,True,True,True
Standard,170,0.65,53.9214363908247,Red,70.03081538687495,67.78903536447119,53.9214363908247,55.99810330102392,3.235294117647058,8.658,28.664999999999996,0.49303075478531966,True,True,True,True
Standard,175,0.3,36.85074197487245,Red,48.280988044926346,46.69377899541661,36.85074197487245,38.327774037877596,3.1428571428571423,9.037500000000001,30.046249999999997,0.22755265605476288,False,True,True,False
Standard,175,0.45,45.81092719339691,Red,59.68300647474151,57.754219220861145,45.81092719339691,47.60093078510788,3.1428571428571423,9.037500000000001,30.046249999999997,0.34132898408214435,False,True,True,False
Standard,175,0.6,53.30291761665787,Red,69.24093127344003,67.02312285721644,53.30291761665787,55.35762677277221,3.1428571428571423,9.037500000000001,30.046249999999997,0.45510531210952576,True,True,True,True
Standard,175,0.65,55.57809985673999,Red,72.14697389072619,69.84091879400117,55.57809985673999,57.713644983478005,3.1428571428571423,9.037500000000001,30.046249999999997,0.49303075478531966,True,True,True,True
Standard,180,0.3,37.99550018285816,Red,49.735641228214234,48.105093132638146,37.99550018285816,39.512269977560024,3.055555555555555,9.428,31.46,0.22755265605476288,False,True,True,False
Standard,180,0.45,47.19817805623787,Red,61.45132285899187,59.469222782292704,47.19817805623787,49.03700743398831,3.055555555555555,9.428,31.46,0.34132898408214435,False,True,True,False
Standard,180,0.6,54.8952593158594,Red,71.27463767497835,68.99508912617722,54.8952593158594,57.0065226877733,3.055555555555555,9.428,31.46,0.45510531210952576,True,True,True,True
Standard,180,0.65,57.23307224401656,Red,74.26170777949893,71.89134356795775,57.23307224401656,59.42753221085447,3.055555555555555,9.428,31.46,0.49303075478531966,True,True,True,True
Standard,185,0.3,39.13841941539436,Red,51.18860166237924,49.51468901358708,39.13841941539436,40.694937945836635,2.9729729729729724,9.829500000000003,32.90625000000001,0.22755265605476288,False,True,True,False
Standard,185,0.45,48.5836967659712,Red,63.21813508842342,61.18269083268366,48.5836967659712,50.47138025459431,2.9729729729729724,9.829500000000003,32.90625000000001,0.34132898408214435,False,True,True,False
Standard,185,0.6,56.48599153661332,Red,73.30698552996559,70.96566465677704,56.48599153661332,58.653843428846486,2.9729729729729724,9.829500000000003,32.90625000000001,0.45510531210952576,True,True,True,True
Standard,185,0.65,58.88647310162575,Red,76.37512372612373,73.94041830761451,58.88647310162575,61.13988317593262,2.9729729729729724,9.829500000000003,32.90625000000001,0.49303075478531966,True,True,True,True
Standard,190,0.3,40.2796052814895,Red,52.639981633769985,50.92267914132224,40.2796052814895,41.87588587732831,2.8947368421052624,10.242,34.385000000000005,0.22755265605476288,False,True,True,False
Standard,190,0.45,49.967595839770055,Red,64.98354941586751,62.894730986531016,49.967595839770055,51.904161658056346,2.8947368421052624,10.242,34.385000000000005,0.34132898408214435,False,True,True,False
Standard,190,0.6,58.07522463458679,Red,75.3380736726793,72.93495005291561,58.07522463458679,60.299698173515054,2.8947368421052624,10.242,34.385000000000005,0.45510531210952576,True,True,True,True
Standard,190,0.65,60.53841147235675,Red,78.48731824808901,75.98824136923939,60.53841147235675,62.85080552605611,2.8947368421052624,10.242,34.385000000000005,0.49303075478531966,True,True,True,True
Standard,195,0.3,41.419156810144266,Red,54.08988433647097,52.32916709416524,41.419156810144266,43.05521458348598,2.82051282051282,10.665500000000002,35.896249999999995,0.22755265605476288,False,True,True,False
Standard,195,0.45,51.34997898198716,Red,66.74766265505826,64.60544140387735,51.34997898198716,53.335455029882375,2.82051282051282,10.665500000000002,35.896249999999995,0.34132898408214435,True,True,True,True
Standard,195,0.6,59.66305957127127,Red,77.36799179691599,74.90303668492942,59.66305957127127,61.9441866581455,2.82051282051282,10.665500000000002,35.896249999999995,0.45510531210952576,True,True,True,True
Standard,195,0.65,62.18898695479961,Red,80.59837885766338,78.0349019953533,62.18898695479961,64.56039745369074,2.82051282051282,10.665500000000002,35.896249999999995,0.49303075478531966,True,True,True,True
Standard,200,0.3,42.557166750402004,Red,55.53840469045663,53.73424830019763,42.557166750402004,44.23301815210696,2.7499999999999996,11.100000000000001,37.44,0.22755265605476288,False,True,True,False
Standard,200,0.45,52.730941831247016,Red,68.51056316266029,66.31491175829242,52.730941831247016,54.76535553023132,2.7499999999999996,11.100000000000001,37.44,0.34132898408214435,True,True,True,True
Standard,200,0.6,61.24958883125815,Red,79.39682146123364,76.8700076947461,61.24958883125815,63.58740012218975,2.7499999999999996,11.100000000000001,37.44,0.45510531210952576,True,True,True,True
Standard,200,0.65,63.83829065010033,Red,82.7083850638884,80.08048131959742,63.83829065010033,66.26874866408203,2.7499999999999996,11.100000000000001,37.44,0.49303075478531966,True,True,True,True
Enhanced sensitivity,80,0.3,19.70721485785982,Red,26.569119325206564,25.618350739761524,19.70721485785982,20.595337064618587,6.874999999999998,3.708,9.36,0.22755265605476288,False,True,True,False
Enhanced sensitivity,80,0.45,25.089095384875865,Red,33.37434096503999,32.226172644435145,25.089095384875865,26.161790948865715,6.874999999999998,3.708,9.36,0.34132898408214435,False,True,True,False
Enhanced sensitivity,80,0.6,29.571699730269078,Red,39.04746909110423,37.73336512647448,29.571699730269078,30.79779031620251,6.874999999999998,3.708,9.36,0.45510531210952576,False,True,True,False
Enhanced sensitivity,80,0.65,30.929248283319872,Red,40.767439057412425,39.40273795634149,30.929248283319872,32.20193137860335,6.874999999999998,3.708,9.36,0.49303075478531966,False,True,True,False
Enhanced sensitivity,85,0.3,21.211395722937436,Red,28.47140517224758,27.465580494605714,21.211395722937436,22.15132383339812,6.470588235294116,3.8895,10.15625,0.22755265605476288,False,True,True,False
Enhanced sensitivity,85,0.45,26.9056951573181,Red,35.67235893358386,34.457151672132404,26.9056951573181,28.040495969940267,6.470588235294116,3.8895,10.15625,0.34132898408214435,False,True,True,False
Enhanced sensitivity,85,0.6,31.648160258807508,Red,41.67864609631109,40.28708799000049,31.648160258807508,32.94555036713056,6.470588235294116,3.8895,10.15625,0.45510531210952576,False,True,True,False
Enhanced sensitivity,85,0.65,33.08466347690065,Red,43.50024800862895,42.0548865368186,33.08466347690065,34.43150855878019,6.470588235294116,3.8895,10.15625,0.49303075478531966,False,True,True,False
Enhanced sensitivity,90,0.3,22.70977161702367,Red,30.36580855056327,29.305082232575423,22.70977161702367,23.701082545753096,6.11111111111111,4.082,10.985000000000001,0.22755265605476288,False,True,True,False
Enhanced sensitivity,90,0.45,28.714667410892545,Red,37.96208607617009,36.67984556942969,28.714667410892545,29.91138066418741,6.11111111111111,4.082,10.985000000000001,0.34132898408214435,False,True,True,False
Enhanced sensitivity,90,0.6,33.716432787545926,Red,44.30171090542244,42.832634175245936,33.716432787545926,35.085061040772594,6.11111111111111,4.082,10.985000000000001,0.45510531210952576,False,True,True,False
Enhanced sensitivity,90,0.65,35.23182442412382,Red,46.22504304596556,44.69894197300215,35.23182442412382,36.65280066456489,6.11111111111111,4.082,10.985000000000001,0.49303075478531966,False,True,True,False
Enhanced sensitivity,95,0.3,24.20239032506723,Red,32.25299258234396,31.137459532151556,24.20239032506723,25.244767839536586,5.789473684210525,4.2855,11.846250000000001,0.22755265605476288,False,True,True,False
Enhanced sensitivity,95,0.45,30.51657945282926,Red,40.24444949720127,38.89515283262286,30.51657945282926,31.775083465166333,5.789473684210525,4.2855,11.846250000000001,0.34132898408214435,False,True,True,False
Enhanced sensitivity,95,0.6,35.777327531698816,Red,46.91767124346875,45.371000037410404,35.777327531698816,37.21717752678415,5.789473684210525,4.2855,11.846250000000001,0.45510531210952576,False,True,True,False
Enhanced sensitivity,95,0.65,37.37159068822563,Red,48.94284178556721,47.33591447285406,37.37159068822563,38.86670553231792,5.789473684210525,4.2855,11.846250000000001,0.49303075478531966,False,True,True,False
Enhanced sensitivity,100,0.3,25.689429943723304,Red,34.133596823447874,32.96330924201434,25.689429943723304,26.78264065588354,5.499999999999999,4.5,12.740000000000004,0.22755265605476288,False,True,True,False
Enhanced sensitivity,100,0.45,32.31200185954155,Red,42.52026788883362,41.103874090421556,32.31200185954155,33.6322262937004,5.499999999999999,4.5,12.740000000000004,0.34132898408214435,False,True,True,False
Enhanced sensitivity,100,0.6,37.831586646229326,Red,49.527390329963126,47.90304378067104,37.831586646229326,39.342672183906664,5.499999999999999,4.5,12.740000000000004,0.45510531210952576,False,True,True,False
Enhanced sensitivity,100,0.65,39.50473752596079,Red,51.65451047121518,49.96666819289077,39.50473752596079,41.07402337519206,5.499999999999999,4.5,12.740000000000004,0.49303075478531966,False,True,True,False
Enhanced sensitivity,105,0.3,27.17114440041067,Red,36.00822023111608,34.78319985443617,27.17114440041067,28.31501891312566,5.238095238095237,4.7255,13.66625,0.22755265605476288,False,True,True,False
Enhanced sensitivity,105,0.45,34.101484179679176,Red,44.79025986437458,43.30671703747204,34.101484179679176,35.48339558487805,5.238095238095237,4.7255,13.66625,0.34132898408214435,False,True,True,False
Enhanced sensitivity,105,0.6,39.87987997714435,Red,52.13160779154713,50.429504007260995,39.87987997714435,41.462234769420675,5.238095238095237,4.7255,13.66625,0.45510531210952576,False,True,True,False
Enhanced sensitivity,105,0.65,41.63195657157677,Red,54.36078756316173,52.591942740391744,41.63195657157677,43.27546163801007,5.238095238095237,4.7255,13.66625,0.49303075478531966,False,True,True,False
Enhanced sensitivity,110,0.3,28.647827530584365,Red,37.877413803840156,36.59766080517555,28.647827530584365,29.84224573622035,4.999999999999999,4.962000000000001,14.625,0.22755265605476288,False,True,True,False
Enhanced sensitivity,110,0.45,35.88554227502862,Red,47.05505436331664,45.50430452660281,35.88554227502862,37.32913352186052,4.999999999999999,4.962000000000001,14.625,0.34132898408214435,False,True,True,False
Enhanced sensitivity,110,0.6,41.92280679841679,Red,54.730958393039096,52.95101691702817,41.92280679841679,43.57647729483093,4.999999999999999,4.962000000000001,14.625,0.45510531210952576,False,True,True,False
Enhanced sensitivity,110,0.65,43.753861007069276,Red,57.06230417881733,55.21237228351804,43.753861007069276,45.47164303590491,4.999999999999999,4.962000000000001,14.625,0.49303075478531966,False,True,True,False
Enhanced sensitivity,115,0.3,30.1197896718549,Red,39.74167879769646,38.40717826445547,30.1197896718549,31.364669335609968,4.782608695652173,5.209499999999999,15.61625,0.22755265605476288,False,True,True,False
Enhanced sensitivity,115,0.45,37.66465267756818,Red,49.31520134042416,47.697183678711454,37.66465267756818,39.16993523427525,4.782608695652173,5.209499999999999,15.61625,0.34132898408214435,False,True,True,False
Enhanced sensitivity,115,0.6,43.96090050932934,Red,57.32598825625147,55.4681315319753,43.96090050932934,45.685940901297315,4.782608695652173,5.209499999999999,15.61625,0.45510531210952576,False,True,True,False
Enhanced sensitivity,115,0.65,45.870992656012376,Red,59.75960140403601,57.828502014133605,45.870992656012376,47.663114627547586,4.782608695652173,5.209499999999999,15.61625,0.49303075478531966,False,True,True,False
Enhanced sensitivity,120,0.3,31.587342679830083,Red,41.601468048155695,40.21219469630403,31.587342679830083,32.882630593298344,4.583333333333332,5.468,16.64,0.22755265605476288,False,True,True,False
Enhanced sensitivity,120,0.45,39.439251099282465,Red,51.57118187120796,49.88583490624213,39.439251099282465,41.00624938234469,4.583333333333332,5.468,16.64,0.34132898408214435,False,True,True,False
Enhanced sensitivity,120,0.6,45.994634583944034,Red,59.917168645432476,57.98132283658456,45.994634583944034,47.79110333515046,4.583333333333332,5.468,16.64,0.45510531210952576,False,True,True,False
Enhanced sensitivity,120,0.65,47.9838296112196,Red,62.45314477431769,60.44080208999964,47.9838296112196,49.850356813478015,4.583333333333332,5.468,16.64,0.49303075478531966,False,True,True,False
Enhanced sensitivity,125,0.3,33.05079059339734,Red,43.45718891440737,42.013110519818525,33.05079059339734,34.396455726279925,4.3999999999999995,5.7375,17.696250000000003,0.22755265605476288,False,True,True,False
Enhanced sensitivity,125,0.45,41.20973332428315,Red,53.82341730123628,52.070680319195944,41.20973332428315,42.8384805655757,4.3999999999999995,5.7375,17.696250000000003,0.34132898408214435,False,True,True,False
Enhanced sensitivity,125,0.6,48.024428828867094,Red,62.50490756554378,60.49100295926462,48.024428828867094,49.89238627825096,4.3999999999999995,5.7375,17.696250000000003,0.45510531210952576,False,True,True,False
Enhanced sensitivity,125,0.65,50.09279367142908,Red,65.14333631244575,63.04967933311805,50.09279367142908,52.03379172482596,4.3999999999999995,5.7375,17.696250000000003,0.49303075478531966,True,True,True,True
Enhanced sensitivity,130,0.3,34.51042407330097,Red,45.309206965242936,43.810286858796516,34.51042407330097,35.90645227297761,4.23076923076923,6.018000000000001,18.785000000000004,0.22755265605476288,False,True,True,False
Enhanced sensitivity,130,0.45,42.97645739364524,Red,56.07227732770076,54.25209129532713,42.97645739364524,44.66699261876048,4.23076923076923,6.018000000000001,18.785000000000004,0.34132898408214435,False,True,True,False
Enhanced sensitivity,130,0.6,50.05065544835478,Red,65.08955946909613,62.99753061233094,50.05065544835478,51.99016216904345,4.23076923076923,6.018000000000001,18.785000000000004,0.45510531210952576,True,True,True,True
Enhanced sensitivity,130,0.65,52.198257236853664,Red,67.83052450831578,65.65548699964202,52.198257236853664,54.213790781606924,4.23076923076923,6.018000000000001,18.785000000000004,0.49303075478531966,True,True,True,True
Enhanced sensitivity,135,0.3,35.96651734430666,Red,47.15784989256096,45.60404877032173,35.96651734430666,37.41290723251055,4.0740740740740735,6.309500000000001,19.906249999999996,0.22755265605476288,False,True,True,False
Enhanced sensitivity,135,0.45,44.73974641827999,Red,58.31808703373846,56.43039516271858,44.73974641827999,46.49211224095977,4.0740740740740735,6.309500000000001,19.906249999999996,0.34132898408214435,False,True,True,False
Enhanced sensitivity,135,0.6,52.073644670718075,Red,67.67143336205109,65.50121902990456,52.073644670718075,54.084760362805326,4.0740740740740735,6.309500000000001,19.906249999999996,0.45510531210952576,True,True,True,True
Enhanced sensitivity,135,0.65,54.300549521709335,Red,70.51501258968042,68.25853292465203,54.300549521709335,56.390681367110815,4.0740740740740735,6.309500000000001,19.906249999999996,0.49303075478531966,True,True,True,True
Enhanced sensitivity,140,0.3,37.41932678178803,Red,49.003411361964595,47.39468859307683,37.41932678178803,38.916086576818266,3.928571428571428,6.611999999999999,21.06,0.22755265605476288,False,True,True,False
Enhanced sensitivity,140,0.45,46.49989162052845,Red,60.561132957635735,58.60588102760139,46.49989162052845,48.31413263796091,3.928571428571428,6.611999999999999,21.06,0.34132898408214435,False,True,True,False
Enhanced sensitivity,140,0.6,54.09368983475618,Red,70.2507995711375,68.00234263247138,54.09368983475618,56.17647259543233,3.928571428571428,6.611999999999999,21.06,0.45510531210952576,True,True,True,True
Enhanced sensitivity,140,0.65,56.39996205470258,Red,73.1970653840585,70.85908631250912,56.39996205470258,58.56475265010465,3.928571428571428,6.611999999999999,21.06,0.49303075478531966,True,True,True,True
Enhanced sensitivity,145,0.3,38.86909056181899,Red,50.84615464525666,49.18246921069584,38.86909056181899,40.41623561672584,3.793103448275861,6.9255,22.24625,0.22755265605476288,False,True,True,False
Enhanced sensitivity,145,0.45,48.25715537070522,Red,62.80166830274073,60.77880481948539,48.25715537070522,50.13331700219392,3.793103448275861,6.9255,22.24625,0.34132898408214435,False,True,True,False
Enhanced sensitivity,145,0.6,56.11105191517179,Red,72.82789539947882,70.50114262276873,56.11105191517179,58.26555777547085,3.793103448275861,6.9255,22.24625,0.45510531210952576,True,True,True,True
Enhanced sensitivity,145,0.65,58.49675349679486,Red,75.87691502351635,73.45738340518184,58.49675349679486,60.73626062613142,3.793103448275861,6.9255,22.24625,0.49303075478531966,True,True,True,True
Enhanced sensitivity,150,0.3,40.3160289827264,Red,52.68631596083384,50.96762712041521,40.3160289827264,41.913579877972445,3.666666666666666,7.25,23.465,0.22755265605476288,False,True,True,False
Enhanced sensitivity,150,0.45,50.01177408771392,Red,65.03991739780892,62.9493936400524,50.01177408771392,51.94990174110581,3.666666666666666,7.25,23.465,0.34132898408214435,True,True,True,True
Enhanced sensitivity,150,0.6,58.125963508433884,Red,75.40292986205883,72.99783168974915,58.125963508433884,60.352246157936854,3.666666666666666,7.25,23.465,0.45510531210952576,True,True,True,True
Enhanced sensitivity,150,0.65,60.591153832999765,Red,78.55476570016282,76.05363222371041,60.591153832999765,62.90543246381507,3.666666666666666,7.25,23.465,0.49303075478531966,True,True,True,True
Enhanced sensitivity,155,0.3,41.76034519445091,Red,54.52410749587518,52.75037525502037,41.76034519445091,43.40832626060117,3.5483870967741926,7.585500000000001,24.716250000000002,0.22755265605476288,False,True,True,False
Enhanced sensitivity,155,0.45,51.763960936330626,Red,67.27607951163569,65.11784950353498,51.763960936330626,53.764099417041606,3.5483870967741926,7.585500000000001,24.716250000000002,0.34132898408214435,True,True,True,True
Enhanced sensitivity,155,0.6,60.13863232121586,Red,77.9760876604293,75.49259797016136,60.13863232121586,62.436742964647955,3.5483870967741926,7.585500000000001,24.716250000000002,0.45510531210952576,True,True,True,True
Enhanced sensitivity,155,0.65,62.68336800519542,Red,81.23079764251632,78.6480165446207,62.68336800519542,65.0724702435187,3.5483870967741926,7.585500000000001,24.716250000000002,0.49303075478531966,True,True,True,True
Enhanced sensitivity,160,0.3,43.20222615944684,Red,56.35972011165947,54.5309055405898,43.20222615944684,44.90066433391158,3.437499999999999,7.932000000000001,26.000000000000007,0.22755265605476288,False,True,True,False
Enhanced sensitivity,160,0.45,53.513908292397026,Red,69.51033211569084,67.28435255105848,53.513908292397026,55.576101392095595,3.437499999999999,7.932000000000001,26.000000000000007,0.34132898408214435,True,True,True,True
Enhanced sensitivity,160,0.6,62.149244211733745,Red,80.54753252824935,77.98560839273982,62.149244211733745,64.5192315173955,3.437499999999999,7.932000000000001,26.000000000000007,0.45510531210952576,True,True,True,True
Enhanced sensitivity,160,0.65,64.7735790538703,Red,83.90517045142808,81.24069924447888,64.7735790538703,67.23755417057127,3.437499999999999,7.932000000000001,26.000000000000007,0.49303075478531966,True,True,True,True
Enhanced sensitivity,165,0.3,44.641843728357394,Red,58.19332574828413,56.309391192559026,44.641843728357394,46.39076767206147,3.3333333333333326,8.2895,27.316249999999997,0.22755265605476288,False,True,True,False
Enhanced sensitivity,165,0.45,55.2617899701852,Red,71.74283367700349,69.44906381333159,55.2617899701852,57.38608018846926,3.3333333333333326,8.2895,27.316249999999997,0.34132898408214435,True,True,True,True
Enhanced sensitivity,165,0.6,64.15796583558895,Red,83.11741005580515,80.47701150873458,64.15796583558895,66.59987594694697,3.3333333333333326,8.2895,27.316249999999997,0.45510531210952576,True,True,True,True
Enhanced sensitivity,165,0.65,66.86195083291966,Red,86.57802590838271,83.83182512179738,66.86195083291966,69.40084533726505,3.3333333333333326,8.2895,27.316249999999997,0.49303075478531966,True,True,True,True
Enhanced sensitivity,170,0.3,46.079355754208784,Red,60.02507955242469,58.08598876366539,46.079355754208784,47.878795170831445,3.235294117647058,8.658,28.664999999999996,0.22755265605476288,False,True,True,False
Enhanced sensitivity,170,0.45,57.00776321941077,Red,73.97372605226309,71.6121275871282,57.00776321941077,59.19419158377853,3.235294117647058,8.658,28.664999999999996,0.34132898408214435,True,True,True,True
Enhanced sensitivity,170,0.6,66.16494694534816,Red,85.68585008221584,82.96693989453517,66.16494694534816,68.67882353524716,3.235294117647058,8.658,28.664999999999996,0.45510531210952576,True,True,True,True
Enhanced sensitivity,170,0.65,68.9486303556634,Red,89.24949034794233,86.42152328569983,68.9486303556634,71.5624880989373,3.235294117647058,8.658,28.664999999999996,0.49303075478531966,True,True,True,True
Enhanced sensitivity,175,0.3,47.514907196397715,Red,61.85512175463125,59.86083996285239,47.514907196397715,49.364892309709475,3.1428571428571423,9.037500000000001,30.046249999999997,0.22755265605476288,False,True,True,False
Enhanced sensitivity,175,0.45,58.75197050647581,Red,76.20313654371658,73.77367348225023,58.75197050647581,61.0005764647238,3.1428571428571423,9.037500000000001,30.046249999999997,0.34132898408214435,True,True,True,True
Enhanced sensitivity,175,0.6,68.17032238897272,Red,88.25296872805633,85.45551219715529,68.17032238897272,70.756206741767,3.1428571428571423,9.037500000000001,30.046249999999997,0.45510531210952576,True,True,True,True
Enhanced sensitivity,175,0.65,71.03374982360688,Red,91.91967666905182,89.00990918453802,71.03374982360688,73.7226121207349,3.1428571428571423,9.037500000000001,30.046249999999997,0.49303075478531966,True,True,True,True
Enhanced sensitivity,180,0.3,48.94863118439598,Red,63.68357932289859,61.634073266391496,48.94863118439598,50.84919233913182,3.055555555555555,9.428,31.46,0.22755265605476288,False,True,True,False
Enhanced sensitivity,180,0.45,60.49454109786155,Red,78.4311796682321,75.93381818759553,60.49454109786155,62.8053624635862,3.055555555555555,9.428,31.46,0.34132898408214435,True,True,True,True
Enhanced sensitivity,180,0.6,70.17421384742627,Red,90.81887012807454,87.94283488095996,70.17421384742627,72.83214495853102,3.055555555555555,9.428,31.46,0.45510531210952576,True,True,True,True
Enhanced sensitivity,180,0.65,73.11742838288639,Red,94.58868604615083,91.59708633443691,73.11742838288639,75.88133414362252,3.055555555555555,9.428,31.46,0.49303075478531966,True,True,True,True
Enhanced sensitivity,185,0.3,50.38065002365964,Red,65.51056741804116,63.40580534268946,50.38065002365964,52.33181738300904,2.9729729729729724,9.829500000000003,32.90625000000001,0.22755265605476288,True,True,True,True
Enhanced sensitivity,185,0.45,62.23559246465388,Red,80.65795868291676,78.09266699777865,62.23559246465388,64.60866540139838,2.9729729729729724,9.829500000000003,32.90625000000001,0.34132898408214435,True,True,True,True
Enhanced sensitivity,185,0.6,72.17673134695109,Red,93.3836479130432,90.42900372383235,72.17673134695109,74.90674603234582,2.9729729729729724,9.829500000000003,32.90625000000001,0.45510531210952576,True,True,True,True
Enhanced sensitivity,185,0.65,75.19977364721625,Red,97.25660938992279,94.18314779699907,75.19977364721625,78.03875951103589,2.9729729729729724,9.829500000000003,32.90625000000001,0.49303075478531966,True,True,True,True
Enhanced sensitivity,190,0.3,51.811076134619256,Red,67.33619067446277,65.17614231134938,51.811076134619256,53.81287945331879,2.8947368421052624,10.242,34.385000000000005,0.22755265605476288,True,True,True,True
Enhanced sensitivity,190,0.45,63.97523152691188,Red,82.8835669038531,80.25031513549861,63.97523152691188,66.41059056013118,2.8947368421052624,10.242,34.385000000000005,0.34132898408214435,True,True,True,True
Enhanced sensitivity,190,0.6,74.17797457692167,Red,95.94738648112798,92.9141051026256,74.17797457692167,76.98010758733295,2.8947368421052624,10.242,34.385000000000005,0.45510531210952576,True,True,True,True
Enhanced sensitivity,190,0.65,77.28088302065312,Red,99.92352859853266,96.76817744666708,77.28088302065312,80.19498349134302,2.8947368421052624,10.242,34.385000000000005,0.49303075478531966,True,True,True,True
Enhanced sensitivity,195,0.3,53.24001292115661,Red,69.16054432766678,66.94518085557485,53.24001292115661,55.292481377744394,2.82051282051282,10.665500000000002,35.896249999999995,0.22755265605476288,True,True,True,True
Enhanced sensitivity,195,0.45,65.7135557555771,Red,85.10808884874265,82.40684889947643,65.7135557555771,68.21123380431011,2.82051282051282,10.665500000000002,35.896249999999995,0.34132898408214435,True,True,True,True
Enhanced sensitivity,195,0.6,76.17803404001393,Red,98.51016209210442,95.39821710090311,76.17803404001393,79.05231817609209,2.82051282051282,10.665500000000002,35.896249999999995,0.45510531210952576,True,True,True,True
Enhanced sensitivity,195,0.65,79.36084484865619,Red,102.58951763294493,99.35225106114558,79.36084484865619,82.35009242591347,2.82051282051282,10.665500000000002,35.896249999999995,0.49303075478531966,True,True,True,True
Enhanced sensitivity,200,0.3,54.66755556854334,Red,70.98371520755195,68.71300920527572,54.66755556854334,56.77071764388632,2.7499999999999996,11.100000000000001,37.44,0.22755265605476288,True,True,True,True
Enhanced sensitivity,200,0.45,67.45065414823443,Red,87.331601229379,84.56234666320755,67.45065414823443,70.01068257041294,2.7499999999999996,11.100000000000001,37.44,0.34132898408214435,True,True,True,True
Enhanced sensitivity,200,0.6,78.17699205771578,Red,101.07204381201038,97.88141046636413,78.17699205771578,81.12345828367225,2.7499999999999996,11.100000000000001,37.44,0.45510531210952576,True,True,True,True
Enhanced sensitivity,200,0.65,81.43973942173072,Red,105.25464344402894,101.93543726250512,81.43973942173072,84.50416472802455,2.7499999999999996,11.100000000000001,37.44,0.49303075478531966,True,True,True,True
